session_id,suggestion_id,action,action_reason,confidence,latency_ms,target_power,target_freq,target_area,base_power,base_freq,base_area,actual_power,actual_freq,actual_area,delta_power,delta_freq,delta_area,fail_mode,action_alignment,rtl_before_ref,rtl_after_ref,diff_ref,root_cause_hypothesis,rtl_before_abs,rtl_after_abs,rtl_before_exists,rtl_after_exists
sess_037a61e4,sugg_87ea8e07,modify,ppa_violation,0.83,3156,750,2400,11,882.27,2270.41,8.28,828.74,2283.32,7.51,-53.53,12.91000000000031,-0.77,FAIL_POWER_FREQ,OK,artifacts\sessions\sess_037a61e4\rtl_before.sv,artifacts\sessions\sess_037a61e4\rtl_after_sugg_1.sv,artifacts\sessions\sess_037a61e4\rtl_diff_sugg_1.patch,FREQ failure observed; consider adding pipelining or reducing combo depth.,,,,
sess_077a73d3,sugg_8d54140c,modify,ppa_violation,0.59,1687,750,2400,11,917.06,2348.27,8.22,919.18,2557.18,8.93,2.1200000000000045,208.90999999999985,0.7099999999999991,FAIL_POWER,OK,artifacts\sessions\sess_077a73d3\rtl_before.sv,artifacts\sessions\sess_077a73d3\rtl_after_sugg_1.sv,artifacts\sessions\sess_077a73d3\rtl_diff_sugg_1.patch,POWER failure observed; consider clock gating / enable conditions (future work).,,,,
sess_149dbaf7,sugg_6b33acc1,modify,ppa_violation,0.79,1236,750,2400,11,812.15,2078.6,12.06,909.54,2195.85,12.14,97.38999999999999,117.25,0.08,FAIL_POWER_FREQ_AREA,OK,artifacts\sessions\sess_149dbaf7\rtl_before.sv,artifacts\sessions\sess_149dbaf7\rtl_after_sugg_1.sv,artifacts\sessions\sess_149dbaf7\rtl_diff_sugg_1.patch,AREA likely increased due to added muxing/logic duplication.,,,,
sess_19b86c12,sugg_c3c0f6f7,reject,ppa_violation,0.48,1739,750,2400,11,746.54,1759.34,13.17,684.67,2022.83,13.11,-61.87,263.49,-0.06,FAIL_FREQ_AREA,OK,artifacts\sessions\sess_19b86c12\rtl_before.sv,artifacts\sessions\sess_19b86c12\rtl_after_sugg_1.sv,artifacts\sessions\sess_19b86c12\rtl_diff_sugg_1.patch,AREA likely increased due to added muxing/logic duplication.,,,,
sess_1eba4819,sugg_18b37900,modify,ppa_violation,0.82,2830,750,2400,11,602.64,2511.22,11.02,498.2,2460.41,12.11,-104.44,-50.81,1.0899999999999999,FAIL_AREA,OK,artifacts\sessions\sess_1eba4819\rtl_before.sv,artifacts\sessions\sess_1eba4819\rtl_after_sugg_1.sv,artifacts\sessions\sess_1eba4819\rtl_diff_sugg_1.patch,AREA likely increased due to added muxing/logic duplication.,,,,
sess_1f0f383c,sugg_b6d8cbc6,modify,ppa_violation,0.87,1186,750,2400,11,802.63,1701.79,11.21,712.41,1813.5,11.02,-90.22,111.71000000000004,-0.19,FAIL_FREQ_AREA,OK,artifacts\sessions\sess_1f0f383c\rtl_before.sv,artifacts\sessions\sess_1f0f383c\rtl_after_sugg_1.sv,artifacts\sessions\sess_1f0f383c\rtl_diff_sugg_1.patch,AREA failure observed; RTL deltas weak → needs deeper RTL-aware analysis.,,,,
sess_297a1754,sugg_c4ff7704,modify,ppa_violation,0.51,723,750,2400,11,641.34,2034.22,11.3,622.7,1971.99,11.58,-18.64,-62.23,0.27999999999999936,FAIL_FREQ_AREA,OK,artifacts\sessions\sess_297a1754\rtl_before.sv,artifacts\sessions\sess_297a1754\rtl_after_sugg_1.sv,artifacts\sessions\sess_297a1754\rtl_diff_sugg_1.patch,AREA failure observed; RTL deltas weak → needs deeper RTL-aware analysis.,,,,
sess_2cf92220,sugg_89e46f5b,reject,ppa_violation,0.49,1668,750,2400,11,902.37,1751.53,10.67,980.99,1583.47,9.78,78.62,-168.06,-0.89,FAIL_POWER_FREQ,OK,artifacts\sessions\sess_2cf92220\rtl_before.sv,artifacts\sessions\sess_2cf92220\rtl_after_sugg_1.sv,artifacts\sessions\sess_2cf92220\rtl_diff_sugg_1.patch,FREQ failure observed; consider adding pipelining or reducing combo depth.,,,,
sess_3324ab28,sugg_dcd7bb7c,reject,ppa_violation,0.49,1783,750,2400,11,887.16,2012.28,13.25,984.02,2109.62,13.27,96.86000000000001,97.33999999999992,0.019999999999999574,FAIL_POWER_FREQ_AREA,OK,artifacts\sessions\sess_3324ab28\rtl_before.sv,artifacts\sessions\sess_3324ab28\rtl_after_sugg_1.sv,artifacts\sessions\sess_3324ab28\rtl_diff_sugg_1.patch,AREA likely increased due to added muxing/logic duplication.,,,,
sess_3a2bdbaa,sugg_759d0944,reject,ppa_violation,0.71,2064,750,2400,11,822.77,1853.3,10.06,728.3,1962.23,10.56,-94.47,108.93000000000006,0.5,FAIL_FREQ,OK,artifacts\sessions\sess_3a2bdbaa\rtl_before.sv,artifacts\sessions\sess_3a2bdbaa\rtl_after_sugg_1.sv,artifacts\sessions\sess_3a2bdbaa\rtl_diff_sugg_1.patch,FREQ failure observed; consider adding pipelining or reducing combo depth.,,,,
sess_3ce3e73d,sugg_07e66a68,reject,ppa_violation,0.57,1657,750,2400,11,648.61,2110.04,11.71,714.95,2049.01,10.38,66.34000000000003,-61.03,-1.33,FAIL_FREQ,OK,artifacts\sessions\sess_3ce3e73d\rtl_before.sv,artifacts\sessions\sess_3ce3e73d\rtl_after_sugg_1.sv,artifacts\sessions\sess_3ce3e73d\rtl_diff_sugg_1.patch,FREQ failure observed; consider adding pipelining or reducing combo depth.,,,,
sess_3f07fe11,sugg_17fc62f2,reject,ppa_violation,0.88,3409,750,2400,11,842.63,2129.29,9.25,894.01,2377.82,9.59,51.379999999999995,248.5300000000002,0.33999999999999986,FAIL_POWER_FREQ,OK,artifacts\sessions\sess_3f07fe11\rtl_before.sv,artifacts\sessions\sess_3f07fe11\rtl_after_sugg_1.sv,artifacts\sessions\sess_3f07fe11\rtl_diff_sugg_1.patch,FREQ likely regressed due to deeper combinational logic (more ops/line).,,,,
sess_4614ddb4,sugg_df892675,reject,ppa_violation,0.91,3196,750,2400,11,672.23,1843.84,9.64,615.5,1963.82,8.29,-56.73,119.98000000000002,-1.35,FAIL_FREQ,OK,artifacts\sessions\sess_4614ddb4\rtl_before.sv,artifacts\sessions\sess_4614ddb4\rtl_after_sugg_1.sv,artifacts\sessions\sess_4614ddb4\rtl_diff_sugg_1.patch,FREQ failure observed; consider adding pipelining or reducing combo depth.,,,,
sess_5350c63d,sugg_b57c1b85,reject,ppa_violation,0.59,1718,750,2400,11,800.2,1891.11,12.49,772.36,2158.42,12.67,-27.84,267.3100000000002,0.17999999999999972,FAIL_POWER_FREQ_AREA,OK,artifacts\sessions\sess_5350c63d\rtl_before.sv,artifacts\sessions\sess_5350c63d\rtl_after_sugg_1.sv,artifacts\sessions\sess_5350c63d\rtl_diff_sugg_1.patch,AREA likely increased due to wider bitwidths.,,,,
sess_546c66bd,sugg_e7270a5b,accept,meets_targets,0.72,2164,750,2400,11,561.76,2486.58,8.4,558.24,2739.3,8.29,-3.52,252.72000000000025,-0.11,PASS,OK,artifacts\sessions\sess_546c66bd\rtl_before.sv,artifacts\sessions\sess_546c66bd\rtl_after_sugg_1.sv,artifacts\sessions\sess_546c66bd\rtl_diff_sugg_1.patch,N/A,,,,
sess_571a6169,sugg_5acd71b1,modify,ppa_violation,0.73,3076,750,2400,11,877.66,2237.24,11.18,798.99,2381.97,9.68,-78.67,144.73000000000002,-1.5,FAIL_POWER_FREQ,OK,artifacts\sessions\sess_571a6169\rtl_before.sv,artifacts\sessions\sess_571a6169\rtl_after_sugg_1.sv,artifacts\sessions\sess_571a6169\rtl_diff_sugg_1.patch,FREQ failure observed; consider adding pipelining or reducing combo depth.,,,,
sess_59d83b44,sugg_9ca8f043,modify,ppa_violation,0.79,3456,750,2400,11,850.4,1642.89,10.11,783.38,1789.34,9.14,-67.02,146.44999999999982,-0.97,FAIL_POWER_FREQ,OK,artifacts\sessions\sess_59d83b44\rtl_before.sv,artifacts\sessions\sess_59d83b44\rtl_after_sugg_1.sv,artifacts\sessions\sess_59d83b44\rtl_diff_sugg_1.patch,FREQ failure observed; consider adding pipelining or reducing combo depth.,,,,
sess_5dd1f23f,sugg_90ab44cb,modify,ppa_violation,0.64,2621,750,2400,11,882.26,2130.41,9.98,976.46,2252.76,9.71,94.20000000000005,122.35000000000036,-0.27,FAIL_POWER_FREQ,OK,artifacts\sessions\sess_5dd1f23f\rtl_before.sv,artifacts\sessions\sess_5dd1f23f\rtl_after_sugg_1.sv,artifacts\sessions\sess_5dd1f23f\rtl_diff_sugg_1.patch,FREQ failure observed; consider adding pipelining or reducing combo depth.,,,,
sess_634bc4c5,sugg_d8254936,modify,ppa_violation,0.64,2558,750,2400,11,779.34,2268.86,10.99,672.39,2186.02,11.15,-106.95,-82.84,0.16000000000000014,FAIL_FREQ_AREA,OK,artifacts\sessions\sess_634bc4c5\rtl_before.sv,artifacts\sessions\sess_634bc4c5\rtl_after_sugg_1.sv,artifacts\sessions\sess_634bc4c5\rtl_diff_sugg_1.patch,AREA likely increased due to wider bitwidths.,,,,
sess_68d205d7,sugg_ee37179e,modify,ppa_violation,0.6,2649,750,2400,11,850.32,2558.57,10.98,767.94,2938.71,9.92,-82.38,380.1399999999999,-1.06,FAIL_POWER,OK,artifacts\sessions\sess_68d205d7\rtl_before.sv,artifacts\sessions\sess_68d205d7\rtl_after_sugg_1.sv,artifacts\sessions\sess_68d205d7\rtl_diff_sugg_1.patch,POWER failure observed; consider clock gating / enable conditions (future work).,,,,
sess_6a7b568c,sugg_ac2947c1,modify,ppa_violation,0.81,2615,750,2400,11,797.53,2315.1,13.21,839.91,2277.12,14.76,42.379999999999995,-37.98,1.549999999999999,FAIL_POWER_FREQ_AREA,OK,artifacts\sessions\sess_6a7b568c\rtl_before.sv,artifacts\sessions\sess_6a7b568c\rtl_after_sugg_1.sv,artifacts\sessions\sess_6a7b568c\rtl_diff_sugg_1.patch,AREA likely increased due to added muxing/logic duplication.,,,,
sess_781bc271,sugg_6e8c949d,reject,ppa_violation,0.84,685,750,2400,11,845.22,2011.69,9.7,847.05,2211.75,9.45,1.8299999999999272,200.05999999999995,-0.25,FAIL_POWER_FREQ,OK,artifacts\sessions\sess_781bc271\rtl_before.sv,artifacts\sessions\sess_781bc271\rtl_after_sugg_1.sv,artifacts\sessions\sess_781bc271\rtl_diff_sugg_1.patch,FREQ failure observed; consider adding pipelining or reducing combo depth.,,,,
sess_7873dfd7,sugg_ae6e2fa5,accept,meets_targets,0.86,2064,750,2400,11,735.43,2477.52,11.6,639.83,2493.11,10.18,-95.6,15.590000000000146,-1.42,PASS,OK,artifacts\sessions\sess_7873dfd7\rtl_before.sv,artifacts\sessions\sess_7873dfd7\rtl_after_sugg_1.sv,artifacts\sessions\sess_7873dfd7\rtl_diff_sugg_1.patch,N/A,,,,
sess_7ef024b5,sugg_5afcd822,reject,ppa_violation,0.59,1511,750,2400,11,730.63,1816.83,9.46,652.28,1831.69,8.97,-78.35,14.860000000000127,-0.49,FAIL_FREQ,OK,artifacts\sessions\sess_7ef024b5\rtl_before.sv,artifacts\sessions\sess_7ef024b5\rtl_after_sugg_1.sv,artifacts\sessions\sess_7ef024b5\rtl_diff_sugg_1.patch,FREQ failure observed; consider adding pipelining or reducing combo depth.,,,,
sess_817e0754,sugg_fd5c7108,accept,meets_targets,0.85,2502,750,2400,11,779.12,2491.84,9.57,716.33,2417.32,10.03,-62.79,-74.52,0.4599999999999991,PASS,OK,artifacts\sessions\sess_817e0754\rtl_before.sv,artifacts\sessions\sess_817e0754\rtl_after_sugg_1.sv,artifacts\sessions\sess_817e0754\rtl_diff_sugg_1.patch,N/A,,,,
sess_8251c2ed,sugg_4e7a3a4b,modify,meets_targets,0.7,3198,750,2400,11,839.54,2353.55,10.04,692.63,2471.36,8.91,-146.91,117.80999999999995,-1.13,PASS,OK,artifacts\sessions\sess_8251c2ed\rtl_before.sv,artifacts\sessions\sess_8251c2ed\rtl_after_sugg_1.sv,artifacts\sessions\sess_8251c2ed\rtl_diff_sugg_1.patch,N/A,,,,
sess_8b4c7e37,sugg_0930dbd9,reject,ppa_violation,0.7,1957,750,2400,11,909.77,2034.18,13.84,825.16,2214.36,13.56,-84.61,180.18000000000006,-0.28,FAIL_POWER_FREQ_AREA,OK,artifacts\sessions\sess_8b4c7e37\rtl_before.sv,artifacts\sessions\sess_8b4c7e37\rtl_after_sugg_1.sv,artifacts\sessions\sess_8b4c7e37\rtl_diff_sugg_1.patch,AREA likely increased due to wider bitwidths.,,,,
sess_90b18a80,sugg_eb4cd67a,reject,ppa_violation,0.76,1842,750,2400,11,659.33,2176.55,12.35,663.53,2117.9,11.37,4.199999999999932,-58.65,-0.98,FAIL_FREQ_AREA,OK,artifacts\sessions\sess_90b18a80\rtl_before.sv,artifacts\sessions\sess_90b18a80\rtl_after_sugg_1.sv,artifacts\sessions\sess_90b18a80\rtl_diff_sugg_1.patch,AREA likely increased due to added muxing/logic duplication.,,,,
sess_90beeeb7,sugg_b1359ef4,reject,ppa_violation,0.67,514,750,2400,11,586,1972.1,8,511.29,2251.26,7.88,-74.71,279.1600000000003,-0.12,FAIL_FREQ,OK,artifacts\sessions\sess_90beeeb7\rtl_before.sv,artifacts\sessions\sess_90beeeb7\rtl_after_sugg_1.sv,artifacts\sessions\sess_90beeeb7\rtl_diff_sugg_1.patch,FREQ failure observed; consider adding pipelining or reducing combo depth.,,,,
sess_90e0d5d4,sugg_0199ad46,reject,ppa_violation,0.89,2723,750,2400,11,748.48,1780.11,8.05,747.95,1822.39,9,-0.53,42.28,0.9499999999999993,FAIL_FREQ,OK,artifacts\sessions\sess_90e0d5d4\rtl_before.sv,artifacts\sessions\sess_90e0d5d4\rtl_after_sugg_1.sv,artifacts\sessions\sess_90e0d5d4\rtl_diff_sugg_1.patch,FREQ failure observed; consider adding pipelining or reducing combo depth.,,,,
sess_92bf5774,sugg_fb0ce29e,reject,ppa_violation,0.92,801,750,2400,11,858.48,2090.25,9.3,846.05,1951.34,9.57,-12.43,-138.91,0.2699999999999996,FAIL_POWER_FREQ,OK,artifacts\sessions\sess_92bf5774\rtl_before.sv,artifacts\sessions\sess_92bf5774\rtl_after_sugg_1.sv,artifacts\sessions\sess_92bf5774\rtl_diff_sugg_1.patch,FREQ failure observed; consider adding pipelining or reducing combo depth.,,,,
sess_946195a8,sugg_68d23619,modify,ppa_violation,0.91,1424,750,2400,11,885.35,2257.46,11.48,834.87,2288.71,12.44,-50.48,31.25,0.9599999999999991,FAIL_POWER_FREQ_AREA,OK,artifacts\sessions\sess_946195a8\rtl_before.sv,artifacts\sessions\sess_946195a8\rtl_after_sugg_1.sv,artifacts\sessions\sess_946195a8\rtl_diff_sugg_1.patch,AREA likely increased due to wider bitwidths.,,,,
sess_975639d4,sugg_15a64fac,reject,ppa_violation,0.79,2811,750,2400,11,936.65,2514.01,9.49,813,2882.63,10.16,-123.65,368.6199999999999,0.6699999999999999,FAIL_POWER,OK,artifacts\sessions\sess_975639d4\rtl_before.sv,artifacts\sessions\sess_975639d4\rtl_after_sugg_1.sv,artifacts\sessions\sess_975639d4\rtl_diff_sugg_1.patch,POWER failure observed; consider clock gating / enable conditions (future work).,,,,
sess_9e506774,sugg_11faf3d5,reject,ppa_violation,0.55,1093,750,2400,11,894.32,1703.83,9.67,777.16,1927.26,8.31,-117.16,223.43000000000006,-1.36,FAIL_POWER_FREQ,OK,artifacts\sessions\sess_9e506774\rtl_before.sv,artifacts\sessions\sess_9e506774\rtl_after_sugg_1.sv,artifacts\sessions\sess_9e506774\rtl_diff_sugg_1.patch,FREQ failure observed; consider adding pipelining or reducing combo depth.,,,,
sess_a0113bbe,sugg_1064c79a,reject,ppa_violation,0.72,3413,750,2400,11,752.28,1694.09,10.88,838.31,1872.54,12.07,86.02999999999997,178.45000000000005,1.1899999999999995,FAIL_POWER_FREQ_AREA,OK,artifacts\sessions\sess_a0113bbe\rtl_before.sv,artifacts\sessions\sess_a0113bbe\rtl_after_sugg_1.sv,artifacts\sessions\sess_a0113bbe\rtl_diff_sugg_1.patch,AREA failure observed; RTL deltas weak → needs deeper RTL-aware analysis.,,,,
sess_a2594e06,sugg_32792a0b,modify,ppa_violation,0.49,1074,750,2400,11,829.29,2532.29,13.13,743.04,2712,14.1,-86.25,179.71000000000004,0.9699999999999989,FAIL_AREA,OK,artifacts\sessions\sess_a2594e06\rtl_before.sv,artifacts\sessions\sess_a2594e06\rtl_after_sugg_1.sv,artifacts\sessions\sess_a2594e06\rtl_diff_sugg_1.patch,AREA failure observed; RTL deltas weak → needs deeper RTL-aware analysis.,,,,
sess_a7d2f1bf,sugg_c247410a,modify,ppa_violation,0.69,1402,750,2400,11,735.55,2203.39,11.28,731.88,2036.74,9.67,-3.67,-166.65,-1.61,FAIL_FREQ,OK,artifacts\sessions\sess_a7d2f1bf\rtl_before.sv,artifacts\sessions\sess_a7d2f1bf\rtl_after_sugg_1.sv,artifacts\sessions\sess_a7d2f1bf\rtl_diff_sugg_1.patch,FREQ failure observed; consider adding pipelining or reducing combo depth.,,,,
sess_a915470c,sugg_aa1e2ee7,modify,ppa_violation,0.9,1821,750,2400,11,678.85,2132.24,9.82,651.26,2362.65,9.56,-27.59,230.4100000000003,-0.26,FAIL_FREQ,OK,artifacts\sessions\sess_a915470c\rtl_before.sv,artifacts\sessions\sess_a915470c\rtl_after_sugg_1.sv,artifacts\sessions\sess_a915470c\rtl_diff_sugg_1.patch,FREQ failure observed; consider adding pipelining or reducing combo depth.,,,,
sess_aee61684,sugg_6187c1a4,modify,ppa_violation,0.61,2367,750,2400,11,699.91,2179.33,11.61,754.64,2347.26,12.15,54.73000000000002,167.9300000000003,0.5400000000000009,FAIL_POWER_FREQ_AREA,OK,artifacts\sessions\sess_aee61684\rtl_before.sv,artifacts\sessions\sess_aee61684\rtl_after_sugg_1.sv,artifacts\sessions\sess_aee61684\rtl_diff_sugg_1.patch,AREA likely increased due to added muxing/logic duplication.,,,,
sess_bb28d8a7,sugg_4a581d1c,reject,ppa_violation,0.62,1741,750,2400,11,936.81,2289.68,12.49,984.12,2435.54,13.89,47.31000000000006,145.86000000000013,1.4000000000000004,FAIL_POWER_AREA,OK,artifacts\sessions\sess_bb28d8a7\rtl_before.sv,artifacts\sessions\sess_bb28d8a7\rtl_after_sugg_1.sv,artifacts\sessions\sess_bb28d8a7\rtl_diff_sugg_1.patch,AREA likely increased due to added muxing/logic duplication.,,,,
sess_bd00613d,sugg_932d125f,modify,ppa_violation,0.8,3212,750,2400,11,879.68,2264.69,8.01,893.09,2213.75,8.13,13.410000000000082,-50.94,0.12,FAIL_POWER_FREQ,OK,artifacts\sessions\sess_bd00613d\rtl_before.sv,artifacts\sessions\sess_bd00613d\rtl_after_sugg_1.sv,artifacts\sessions\sess_bd00613d\rtl_diff_sugg_1.patch,FREQ likely regressed due to deeper combinational logic (more ops/line).,,,,
sess_bd20fdeb,sugg_0f052576,reject,ppa_violation,0.7,2474,750,2400,11,566.71,2446.71,13.15,559.54,2431.15,13.78,-7.17,-15.56,0.63,FAIL_AREA,OK,artifacts\sessions\sess_bd20fdeb\rtl_before.sv,artifacts\sessions\sess_bd20fdeb\rtl_after_sugg_1.sv,artifacts\sessions\sess_bd20fdeb\rtl_diff_sugg_1.patch,AREA likely increased due to added muxing/logic duplication.,,,,
sess_c6bfb3d6,sugg_8882f2e9,reject,ppa_violation,0.94,3384,750,2400,11,862.53,2078.46,12.16,935.46,1975.29,10.81,72.93000000000006,-103.17,-1.35,FAIL_POWER_FREQ,OK,artifacts\sessions\sess_c6bfb3d6\rtl_before.sv,artifacts\sessions\sess_c6bfb3d6\rtl_after_sugg_1.sv,artifacts\sessions\sess_c6bfb3d6\rtl_diff_sugg_1.patch,FREQ failure observed; consider adding pipelining or reducing combo depth.,,,,
sess_d82c4262,sugg_7999fac7,reject,ppa_violation,0.77,1325,750,2400,11,800.53,1832.79,10.68,882.52,1944.31,9.74,81.99000000000001,111.51999999999998,-0.94,FAIL_POWER_FREQ,OK,artifacts\sessions\sess_d82c4262\rtl_before.sv,artifacts\sessions\sess_d82c4262\rtl_after_sugg_1.sv,artifacts\sessions\sess_d82c4262\rtl_diff_sugg_1.patch,FREQ failure observed; consider adding pipelining or reducing combo depth.,,,,
sess_db1686a8,sugg_ecef1bd9,reject,ppa_violation,0.94,3291,750,2400,11,699.07,2077.5,12.88,750.58,2048.02,11.13,51.50999999999999,-29.48,-1.75,FAIL_POWER_FREQ_AREA,OK,artifacts\sessions\sess_db1686a8\rtl_before.sv,artifacts\sessions\sess_db1686a8\rtl_after_sugg_1.sv,artifacts\sessions\sess_db1686a8\rtl_diff_sugg_1.patch,AREA likely increased due to added muxing/logic duplication.,,,,
sess_db487a68,sugg_1c0fa4a2,modify,ppa_violation,0.57,2015,750,2400,11,927.34,1946.97,9.56,853.23,1752.97,8.27,-74.11,-194,-1.29,FAIL_POWER_FREQ,OK,artifacts\sessions\sess_db487a68\rtl_before.sv,artifacts\sessions\sess_db487a68\rtl_after_sugg_1.sv,artifacts\sessions\sess_db487a68\rtl_diff_sugg_1.patch,FREQ failure observed; consider adding pipelining or reducing combo depth.,,,,
sess_e426b4b0,sugg_e4f8d7a9,modify,ppa_violation,0.46,978,750,2400,11,712.71,2346.05,10.96,671.98,2485.17,12.22,-40.73,139.1199999999999,1.2599999999999998,FAIL_AREA,OK,artifacts\sessions\sess_e426b4b0\rtl_before.sv,artifacts\sessions\sess_e426b4b0\rtl_after_sugg_1.sv,artifacts\sessions\sess_e426b4b0\rtl_diff_sugg_1.patch,AREA failure observed; RTL deltas weak → needs deeper RTL-aware analysis.,,,,
sess_f01ca3b4,sugg_51933818,reject,ppa_violation,0.45,1022,750,2400,11,647.33,1856.72,11.65,567.12,2027.93,9.85,-80.21,171.21000000000004,-1.8,FAIL_FREQ,OK,artifacts\sessions\sess_f01ca3b4\rtl_before.sv,artifacts\sessions\sess_f01ca3b4\rtl_after_sugg_1.sv,artifacts\sessions\sess_f01ca3b4\rtl_diff_sugg_1.patch,FREQ failure observed; consider adding pipelining or reducing combo depth.,,,,
sess_f4081b56,sugg_d4101424,reject,ppa_violation,0.73,1409,750,2400,11,848.03,1513.71,11.16,743.52,1583.84,10.41,-104.51,70.12999999999988,-0.75,FAIL_FREQ,OK,artifacts\sessions\sess_f4081b56\rtl_before.sv,artifacts\sessions\sess_f4081b56\rtl_after_sugg_1.sv,artifacts\sessions\sess_f4081b56\rtl_diff_sugg_1.patch,FREQ failure observed; consider adding pipelining or reducing combo depth.,,,,
sess_f54761c9,sugg_2731c498,accept,meets_targets,0.5,1528,750,2400,11,835.86,2359.71,8.39,730,2676.75,9.54,-105.86,317.03999999999996,1.1499999999999986,PASS,OK,artifacts\sessions\sess_f54761c9\rtl_before.sv,artifacts\sessions\sess_f54761c9\rtl_after_sugg_1.sv,artifacts\sessions\sess_f54761c9\rtl_diff_sugg_1.patch,N/A,,,,
